{"GSIZE":7500.0,"LAT0":46.46885,"LATC":46.46885,"LON0":2.57831,"LONC":2.57831,"NAME":"FRANCE_7.5","NLAT":400,"NLON":400,"TSTEP":180}
