{
"NAME" : "FRANCE_7.5",
"TSTEP" : 180,
"NLON" : 400,
"NLAT" : 400,
"LONC" : 2.57831,
"LATC" : 46.46885,
"LON0" : 2.57831,
"LAT0" : 46.46885,
"GSIZE" : 7500.0,
"EZONE" : 11 
}
