{"GSIZE":8900.0,"LAT0":42.8,"LATC":55.22952,"LON0":28.0,"LONC":-3.514364,"NAME":"GLAMEPSV2","NLAT":720,"NLON":864,"TSTEP":300}
