{
"NAME" : "GLAMEPSV2",
"TSTEP" : 300,
"NLON" : 864,
"NLAT" : 720,
"LONC" : -3.514364,
"LATC" : 55.22952,
"LON0" : 28.0,
"LAT0" : 42.8,
"GSIZE" : 8900.0,
"EZONE" : 11 
}
