{
"NAME" : "HMS_ALD_8",
"TSTEP" : 300,
"NLON" : 360,
"NLAT" : 320,
"LONC" : 16.9952715802594,
"LATC" : 46.1050864465158,
"LON0" : 17.0,
"LAT0" : 46.24470064,
"GSIZE" : 7963.36065555735,
"EZONE" : 11 
}
