{"GSIZE":7963.36065555735,"LAT0":46.24470064,"LATC":46.1050864465158,"LON0":17.0,"LONC":16.9952715802594,"NAME":"HMS_ALD_8","NLAT":320,"NLON":360,"TSTEP":300}
