{"GSIZE":9005.31309924005,"LAT0":46.24470064,"LATC":46.24470064,"LON0":17.0,"LONC":17.0,"NAME":"LACE","NLAT":288,"NLON":320,"TSTEP":400}
