{
"NAME" : "LACE",
"TSTEP" : 400,
"NLON" : 320,
"NLAT" : 288,
"LONC" : 17.0,
"LATC" : 46.24470064,
"LON0" : 17.0,
"LAT0" : 46.24470064,
"GSIZE" : 46.24470064,
"EZONE" : 11 
}
