{
"NAME" : "METCOOP25C",
"TSTEP" : 75,
"NLON" : 900,
"NLAT" : 960,
"LONC" : 16.763011639,
"LATC" : 63.489212956,
"LON0" : 15.0,
"LAT0" : 63.0,
"GSIZE" : 2500.0,
"EZONE" : 11 
}
