{"GSIZE":2500.0,"LAT0":63.0,"LATC":63.489212956,"LON0":15.0,"LONC":16.763011639,"NAME":"METCOOP25C","NLAT":960,"NLON":900,"TSTEP":75}
